player,team,week,opponent,points,minutes,goal,assist,cleanSheet,goalsConceded,influence,creativity,threat,iCTIndex
Salah,LIV,1,WHU (H) 4-0,8,86,1,0,1,0,47.6,29,92,16.9
Salah,LIV,2,CRY (A) 0-2,9,90,0,2,1,0,30.6,41.5,81,15.3
Salah,LIV,3,BHA (H) 1-0,8,90,1,0,1,0,49,72,82,20.3
Salah,LIV,4,LEI (A) 1-2,2,70,0,0,0,1,5,12.5,23,4.1
Salah,LIV,5,TOT (A) 1-2,2,90,0,0,0,1,16,31.8,74,12.2
Salah,LIV,6,SOU (H) 3-0,8,90,1,0,1,0,34,2.9,60,9.7
Salah,LIV,7,CHE (A) 1-1,2,65,0,0,0,1,9.4,25.7,40,7.5
Salah,LIV,8,MCI (H) 0-0,3,90,0,0,1,0,0,1.9,31,3.3
Salah,LIV,9,HUD (A) 0-1,8,90,1,0,1,0,43,12.5,76,13.2
Salah,LIV,10,CAR (H) 4-1,15,90,1,2,0,1,72.4,45.8,56,17.4
Salah,LIV,11,ARS (A) 1-1,2,90,0,0,0,1,12.8,53.7,49,11.6
Salah,LIV,12,FUL (H) 2-0,8,90,1,0,1,0,41.6,6.3,83,13.1
Salah,LIV,13,WAT (A) 0-3,8,85,1,0,1,0,39.8,4,40,8.4
Salah,LIV,14,EVE (H) 1-0,3,74,0,0,1,0,6,49.5,9,6.5
Salah,LIV,15,BUR (A) 1-3,4,25,0,1,0,0,28.4,35.3,56,12
Salah,LIV,16,BOU (A) 0-4,21,90,3,0,1,0,107,28.9,83,21.9
Salah,LIV,17,MUN (H) 3-1,2,90,0,0,0,1,9.8,43.5,29,8.2
Salah,LIV,18,WOL (A) 0-2,12,90,1,1,1,0,64.8,40.8,103,20.9
Salah,LIV,19,NEW (H) 4-0,12,90,1,1,1,0,52.2,32,31,11.5
Salah,LIV,20,ARS (H) 5-1,12,90,1,1,0,1,55.4,26.4,61,14.3
Salah,LIV,21,MCI (A) 2-1,2,90,0,0,0,2,6.4,16.8,23,4.6
Salah,LIV,22,BHA (A) 0-1,11,90,1,0,1,0,46.4,35.4,52,13.4
Salah,LIV,23,CRY (H) 4-3,15,90,2,0,0,2,73.2,21,68,16.2
Salah,LIV,24,LEI (H) 1-1,2,90,0,0,0,1,3.4,15.8,40,5.9
Salah,LIV,25,WHU (A) 1-1,2,90,0,0,0,1,7.6,13.8,48,6.9
Salah,LIV,26,BOU (H) 3-0,8,90,1,0,1,0,43.2,38,63,14.4
Salah,LIV,27,MUN (A) 0-0,3,78,0,0,1,0,0.2,4,13,1.7
Salah,LIV,28,WAT (H) 5-0,3,90,0,0,1,0,15.8,9.7,67,9.3
Salah,LIV,29,EVE (A) 0-0,3,90,0,0,1,0,11.2,12.8,46,7
Salah,LIV,30,BUR (H) 4-2,5,90,0,1,0,2,9,35.4,60,10.4
Salah,LIV,31,FUL (A) 1-2,2,90,0,0,0,1,4.8,5.6,66,7.6
Salah,LIV,32,TOT (H) 2-1,5,90,0,1,0,1,0,2,63,6.2
Salah,LIV,33,SOU (A) 1-3,6,90,1,0,0,1,37.2,32.2,51,12
Salah,LIV,34,CHE (H) 2-0,8,89,1,0,1,0,57.2,51.8,89,19.8
Salah,LIV,35,CAR (A) 0-2,6,90,0,1,1,0,14.8,8.4,55,7.8
Hazard,CHE,1,HUD (A) 0-3,4,14,0,1,0,0,23.8,13.8,10,4.8
Hazard,CHE,2,ARS (H) 3-2,4,29,0,1,0,0,26.4,35.3,29,9.1
Hazard,CHE,3,NEW (A) 1-2,8,90,1,0,0,1,40,37.3,59,13.6
Hazard,CHE,4,BOU (H) 2-0,11,90,1,0,1,0,52.8,67,47,16.7
Hazard,CHE,5,CAR (H) 4-1,20,83,3,0,0,1,111.6,30.7,69,21.1
Hazard,CHE,6,WHU (A) 0-0,3,90,0,0,1,0,12.2,19.3,47,7.9
Hazard,CHE,7,LIV (H) 1-1,10,90,1,0,0,1,51.4,43.9,38,13.3
Hazard,CHE,8,SOU (A) 0-3,14,90,1,1,1,0,62.4,66.3,97,22.6
Hazard,CHE,9,MUN (H) 2-2,1,90,0,0,0,2,17.6,72.6,55,14.5
Hazard,CHE,10,BUR (A) 0-4,0,0,0,0,0,0,0,0,0,0
Hazard,CHE,11,CRY (H) 3-1,4,26,0,1,0,0,22,31.6,0,5.4
Hazard,CHE,12,EVE (H) 0-0,3,90,0,0,1,0,22,56.8,24,10.3
Hazard,CHE,13,TOT (A) 3-1,1,90,0,0,0,3,14,34.9,21,7
Hazard,CHE,14,FUL (H) 2-0,6,90,0,1,1,0,33.2,33.3,48,11.5
Hazard,CHE,15,WOL (A) 2-1,5,90,0,1,0,2,33,73.6,55,16.2
Hazard,CHE,16,MCI (H) 2-0,9,89,0,2,1,0,37.8,26.3,2,6.6
Hazard,CHE,17,BHA (A) 1-2,13,82,1,1,0,1,59,38.5,37,13.5
Hazard,CHE,18,LEI (H) 0-1,2,90,0,0,0,1,20.8,18.8,73,11.3
Hazard,CHE,19,WAT (A) 1-2,15,90,2,0,0,1,81.8,34.1,63,17.9
Hazard,CHE,20,CRY (A) 0-1,3,90,0,0,1,0,16.4,44.9,16,7.7
Hazard,CHE,21,SOU (H) 0-0,3,90,0,0,1,0,19.8,55.7,78,15.4
Hazard,CHE,22,NEW (H) 2-1,5,86,0,1,0,1,22,16,24,6.2
Hazard,CHE,23,ARS (A) 2-0,2,90,0,0,0,2,1.2,17,21,3.9
Hazard,CHE,24,BOU (A) 4-0,2,90,0,0,0,4,24.2,64.3,48,13.7
Hazard,CHE,25,HUD (H) 5-0,15,76,2,0,1,0,85,19.8,73,17.8
Hazard,CHE,26,MCI (A) 6-0,2,90,0,0,0,6,11,35.3,28,7.4
Hazard,CHE,28,TOT (H) 2-0,1,59,0,0,0,0,5.2,16.5,2,2.4
Hazard,CHE,29,FUL (A) 1-2,6,73,0,1,0,1,30.4,36.4,86,15.3
Hazard,CHE,30,WOL (H) 1-1,10,90,1,0,0,1,50,42.3,17,10.9
Hazard,CHE,31,EVE (A) 2-0,2,90,0,0,0,2,16.8,38.9,51,10.7
Hazard,CHE,32,CAR (A) 1-2,1,37,0,0,0,0,10.4,20.6,10,4.1
Hazard,CHE,32,BHA (H) 3-0,14,83,1,1,1,0,63,56.8,33,15.3
Hazard,CHE,33,WHU (H) 2-0,16,90,2,0,1,0,91.8,66.4,69,22.7
Hazard,CHE,34,LIV (A) 2-0,2,90,0,0,0,2,13.4,4.3,61,7.9
Hazard,CHE,35,BUR (H) 2-2,7,90,0,1,0,2,35,62.6,49,14.7
Sterling,MCI,1,ARS (A) 0-2,7,86,1,0,1,0,38.2,17.8,52,10.8
Sterling,MCI,2,HUD (H) 6-1,0,0,0,0,0,0,0,0,0,0
Sterling,MCI,3,WOL (A) 1-1,2,84,0,0,0,1,9.2,13.9,27,5
Sterling,MCI,4,NEW (H) 2-1,10,90,1,0,0,1,46.2,35.3,45,12.7
Sterling,MCI,5,FUL (H) 3-0,8,73,1,0,1,0,47.4,42.6,95,18.5
Sterling,MCI,6,CAR (A) 0-5,6,90,0,1,1,0,31.8,48.7,47,12.8
Sterling,MCI,7,BHA (H) 2-0,14,90,1,1,1,0,67.6,58.7,90,21.6
Sterling,MCI,8,LIV (A) 0-0,3,75,0,0,1,0,4.6,13,6,2.4
Sterling,MCI,9,BUR (H) 5-0,0,0,0,0,0,0,0,0,0,0
Sterling,MCI,10,TOT (A) 0-1,6,90,0,1,1,0,24.4,40.1,54,11.9
Sterling,MCI,11,SOU (H) 6-1,21,90,2,2,0,1,107.2,38.3,83,22.9
Sterling,MCI,12,MUN (H) 3-1,2,90,0,0,0,1,8,33.3,60,10.1
Sterling,MCI,13,WHU (A) 0-4,16,73,1,2,1,0,56.2,25.3,43,12.5
Sterling,MCI,14,BOU (H) 3-1,9,90,1,0,0,1,43.8,25.4,69,13.8
Sterling,MCI,15,WAT (A) 1-2,0,0,0,0,0,0,0,0,0,0
Sterling,MCI,16,CHE (A) 2-0,2,90,0,0,0,2,19.8,27.4,45,9.2
Sterling,MCI,17,EVE (H) 3-1,6,24,1,0,0,0,33.4,0.8,37,7.1
Sterling,MCI,18,CRY (H) 2-3,2,68,0,0,0,3,6.2,26.6,12,4.5
Sterling,MCI,19,LEI (A) 2-1,2,90,0,0,0,2,14.2,39.3,20,7.4
Sterling,MCI,20,SOU (A) 1-3,6,90,0,1,0,1,14.6,42.7,45,10.2
Sterling,MCI,21,LIV (H) 2-1,5,90,0,1,0,1,30.4,50.6,20,10.1
Sterling,MCI,22,WOL (H) 3-0,6,90,0,1,1,0,15.8,30.4,58,10.4
Sterling,MCI,23,HUD (A) 0-3,10,90,1,0,1,0,44,15.1,43,10.2
Sterling,MCI,24,NEW (A) 2-1,1,90,0,0,0,2,0,5.5,6,1.1
Sterling,MCI,25,ARS (H) 3-1,10,90,0,2,0,1,56,61,49,16.6
Sterling,MCI,25,EVE (A) 0-2,1,31,0,0,0,0,6.2,11.5,30,4.8
Sterling,MCI,26,CHE (H) 6-0,18,90,2,1,1,0,78.8,30.3,46,15.5
Sterling,MCI,28,WHU (H) 1-0,1,35,0,0,0,0,11.6,11.2,30,5.3
Sterling,MCI,29,BOU (A) 0-1,3,90,0,0,1,0,5,21.3,41,6.7
Sterling,MCI,30,WAT (H) 3-1,21,64,3,0,1,0,100.8,17.4,95,21.3
Sterling,MCI,32.1,FUL (A) 0-2,3,87,0,0,1,0,12.6,45.8,83,14.1
Sterling,MCI,32.2,CAR (H) 2-0,0,0,0,0,0,0,0,0,0,0
Sterling,MCI,34,CRY (A) 1-3,14,90,2,0,0,1,64.8,6.7,58,13
Sterling,MCI,35.1,TOT (H) 1-0,2,90,0,0,1,0,3.8,3.7,25,3.3
Sterling,MCI,35.2,MUN (A),0,0,0,0,0,0,0,0,0,0
Mane,LIV,1,WHU (H) 4-0,16,81,2,0,1,0,77,29.3,79,18.5
Mane,LIV,2,CRY (A) 0-2,10,90,1,0,1,0,50.2,36.9,48,13.5
Mane,LIV,3,BHA (H) 1-0,3,79,0,0,1,0,5.6,5.7,23,3.4
Mane,LIV,4,LEI (A) 1-2,10,90,1,0,0,1,39.2,12.7,21,7.3
Mane,LIV,5,TOT (A) 1-2,2,90,0,0,0,1,10.4,25.8,64,10
Mane,LIV,6,SOU (H) 3-0,3,90,0,0,1,0,9.6,13.9,17,4.1
Mane,LIV,7,CHE (A) 1-1,1,90,0,0,0,1,1.8,3.3,24,2.9
Mane,LIV,8,MCI (H) 0-0,3,90,0,0,1,0,5,3.5,10,1.9
Mane,LIV,9,HUD (A) 0-1,0,0,0,0,0,0,0,0,0,0
Mane,LIV,10,CAR (H) 4-1,15,90,2,0,0,1,76,32.3,62,17
Mane,LIV,11,ARS (A) 1-1,2,90,0,0,0,1,7,2.3,18,2.7
Mane,LIV,12,FUL (H) 2-0,3,90,0,0,1,0,10.6,18,20,4.9
Mane,LIV,13,WAT (A) 0-3,9,90,0,2,1,0,27,14.9,38,8
Mane,LIV,14,EVE (H) 1-0,3,90,0,0,1,0,0,13.8,35,4.8
Mane,LIV,15,BUR (A) 1-3,0,0,0,0,0,0,0,0,0,0
Mane,LIV,16,BOU (A) 0-4,1,25,0,0,0,0,2.2,1.5,4,0.8
Mane,LIV,17,MUN (H) 3-1,9,83,1,0,0,1,45.8,34.4,50,13
Mane,LIV,18,WOL (A) 0-2,3,86,0,0,1,0,22.4,43.4,16,8.2
Mane,LIV,19,NEW (H) 4-0,3,90,0,0,1,0,9,26.8,72,10.8
Mane,LIV,20,ARS (H) 5-1,7,61,1,0,0,1,37.4,3.6,40,8.1
Mane,LIV,21,MCI (A) 2-1,2,76,0,0,0,2,0.6,1.7,21,2.3
Mane,LIV,22,BHA (A) 0-1,3,89,0,0,1,0,6,27.9,30,6.4
Mane,LIV,23,CRY (H) 4-3,7,90,1,0,0,3,47.2,22.1,76,14.5
Mane,LIV,24,LEI (H) 1-1,9,90,1,0,0,1,40.4,28.6,29,9.8
Mane,LIV,25,WHU (A) 1-1,8,90,1,0,0,1,44.8,8.1,52,10.5
Mane,LIV,26,BOU (H) 3-0,8,86,1,0,1,0,36.2,15.8,44,9.6
Mane,LIV,27,MUN (A) 0-0,3,90,0,0,1,0,8.2,4.3,8,2.1
Mane,LIV,28,WAT (H) 5-0,13,77,2,0,1,0,64.6,7.2,63,13.5
Mane,LIV,29,EVE (A) 0-0,3,83,0,0,1,0,0.6,4.5,2,0.7
Mane,LIV,30,BUR (H) 4-2,14,90,2,0,0,2,72.2,40.5,61,17.4
Mane,LIV,31,FUL (A) 1-2,13,90,1,1,0,1,42,19.1,42,10.3
Mane,LIV,32,TOT (H) 2-1,2,90,0,0,0,1,4.4,13.8,8,2.6
Mane,LIV,33,SOU (A) 1-3,1,90,0,0,0,1,13.4,24.9,58,9.6
Mane,LIV,34,CHE (H) 2-0,9,90,1,0,1,0,40.6,30.7,58,12.9
Mane,LIV,35,CAR (A) 0-2,3,90,0,0,1,0,5.6,52.9,29,8.8
Pogba,MUN,1,LEI (H) 2-1,10,83,1,0,1,0,56.8,9.9,24,9.1
Pogba,MUN,2,BHA (A) 3-2,8,90,1,0,0,3,48,25.8,31,10.5
Pogba,MUN,3,TOT (H) 0-3,2,90,0,0,0,3,0,0,0,0
Pogba,MUN,4,BUR (A) 0-2,1,90,0,0,1,0,12.6,38.3,29,8
Pogba,MUN,5,WAT (A) 1-2,2,90,0,0,0,1,17,7.5,68,9.3
Pogba,MUN,6,WOL (H) 1-1,5,90,0,1,0,1,35.8,41.7,12,9
Pogba,MUN,7,WHU (A) 3-1,2,69,0,0,0,2,5.2,3.8,37,4.6
Pogba,MUN,8,NEW (H) 3-2,4,90,0,1,0,2,49.2,32.7,75,15.7
Pogba,MUN,9,CHE (A) 2-2,2,90,0,0,0,2,17.8,7.2,5,3
Pogba,MUN,10,EVE (H) 2-1,8,90,1,1,0,1,67.4,30.8,90,18.8
Pogba,MUN,11,BOU (A) 1-2,2,90,0,0,0,1,26.2,43.3,52,12.2
Pogba,MUN,12,MCI (A) 3-1,0,0,0,0,0,0,0,0,0,0
Pogba,MUN,13,CRY (H) 0-0,3,67,0,0,1,0,2,8,9,1.9
Pogba,MUN,14,SOU (A) 2-2,1,90,0,0,0,2,13.8,5.8,29,4.9
Pogba,MUN,15,ARS (H) 2-2,1,15,0,0,0,0,5.2,4.3,0,1
Pogba,MUN,16,FUL (H) 4-1,0,0,0,0,0,0,0,0,0,0
Pogba,MUN,17,LIV (A) 3-1,0,0,0,0,0,0,0,0,0,0
Pogba,MUN,18,CAR (A) 1-5,13,90,0,3,0,1,45.6,36.3,18,10
Pogba,MUN,19,HUD (H) 3-1,15,90,2,0,0,1,96,40.2,58,19.4
Pogba,MUN,20,BOU (H) 4-1,18,90,2,1,0,1,102,56.1,100,25.8
Pogba,MUN,21,NEW (A) 0-2,3,90,0,0,1,0,11.8,28.8,30,7.1
Pogba,MUN,22,TOT (A) 0-1,5,90,0,1,1,0,42.8,34.8,89,16.7
Pogba,MUN,23,BHA (H) 2-1,8,90,1,0,0,1,32,6.4,69,10.7
Pogba,MUN,24,BUR (H) 2-2,7,90,1,0,0,2,46,30.1,70,14.6
Pogba,MUN,25,LEI (A) 0-1,7,90,0,1,1,0,35.4,33.6,0,6.9
Pogba,MUN,26,FUL (A) 0-3,16,73,2,0,1,0,78.8,15.2,50,14.4
Pogba,MUN,27,LIV (H) 0-0,3,90,0,0,1,0,16,15.8,29,6.1
Pogba,MUN,28,CRY (A) 1-3,5,90,0,1,0,1,31.4,24.9,23,7.9
Pogba,MUN,29,SOU (H) 3-2,0,90,0,0,0,2,14,3.8,19,3.7
Pogba,MUN,30,ARS (A) 2-0,1,90,0,0,0,2,3.6,17.7,29,5
Pogba,MUN,32,WAT (H) 2-1,2,90,0,0,0,1,8.2,5.5,8,2.2
Pogba,MUN,32,WOL (A) 2-1,2,90,0,0,0,2,14.8,53.9,13,8.2
Pogba,MUN,34,WHU (H) 2-1,15,90,2,0,0,1,91.8,13.6,74,17.9
Pogba,MUN,35.1,EVE (A) 4-0,2,90,0,0,0,4,22,49.8,2,7.4
Pogba,MUN,35.2,MCI (H) 0-2,2,90,0,0,0,2,9.4,26.6,42,7.8
Sigurdsson,EVE,1,WOL (A) 2-2,1,43,0,0,0,0,0,1.5,2,0.2
Sigurdsson,EVE,2,SOU (H) 2-1,2,90,0,0,0,1,22.2,81.5,20,12.4
Sigurdsson,EVE,3,BOU (A) 2-2,4,90,0,1,0,2,30,42.3,5,7.7
Sigurdsson,EVE,4,HUD (H) 1-1,2,75,0,0,0,1,6.8,11.5,0,1.8
Sigurdsson,EVE,5,WHU (H) 1-3,7,90,1,0,0,3,41,12.5,61,11.5
Sigurdsson,EVE,6,ARS (A) 2-0,2,90,0,0,0,2,19.4,59.4,16,9.5
Sigurdsson,EVE,7,FUL (H) 3-0,14,90,2,0,1,0,83.2,64.1,60,20.7
Sigurdsson,EVE,8,LEI (A) 1-2,10,90,1,0,0,1,57,62,31,15
Sigurdsson,EVE,9,CRY (H) 2-0,3,90,0,0,1,0,8.4,40.1,39,8.8
Sigurdsson,EVE,10,MUN (A) 2-1,8,90,1,0,0,2,44,28.5,36,10.9
Sigurdsson,EVE,11,BHA (H) 3-1,5,89,0,1,0,1,17.2,31.5,18,6.7
Sigurdsson,EVE,12,CHE (A) 0-0,3,75,0,0,1,0,22.6,12.8,7,4.2
Sigurdsson,EVE,13,CAR (H) 1-0,11,90,1,0,1,0,42.8,33.6,38,11.4
Sigurdsson,EVE,14,LIV (A) 1-0,2,90,0,0,1,0,8.6,4.6,24,3.7
Sigurdsson,EVE,15,NEW (H) 1-1,2,69,0,0,0,1,9.8,30.2,18,5.8
Sigurdsson,EVE,16,WAT (H) 2-2,0,90,0,0,0,2,11.2,24.3,68,10.4
Sigurdsson,EVE,17,MCI (A) 3-1,2,80,0,0,0,3,2.8,0.8,2,0.6
Sigurdsson,EVE,18,TOT (H) 2-6,7,82,1,0,0,6,41.4,13.8,36,9.1
Sigurdsson,EVE,19,BUR (A) 1-5,11,90,1,1,0,1,52.2,28.8,52,13.3
Sigurdsson,EVE,20,BHA (A) 1-0,1,25,0,0,0,0,0.6,14.8,1,1.6
Sigurdsson,EVE,21,LEI (H) 0-1,2,90,0,0,0,1,11.8,40.4,30,8.2
Sigurdsson,EVE,22,BOU (H) 2-0,3,90,0,0,1,0,7.6,40.3,1,4.9
Sigurdsson,EVE,23,SOU (A) 2-1,9,90,1,0,0,2,49.2,2.3,54,10.6
Sigurdsson,EVE,24,HUD (A) 0-1,3,90,0,0,1,0,27.6,20.2,39,8.7
Sigurdsson,EVE,25,WOL (H) 1-3,2,90,0,0,0,3,10.8,18.5,63,9.2
Sigurdsson,EVE,25,MCI (H) 0-2,1,27,0,0,0,1,3.8,1.5,0,0.5
Sigurdsson,EVE,26,WAT (A) 1-0,2,73,0,0,0,1,8.4,4.6,6,1.9
Sigurdsson,EVE,28,CAR (A) 0-3,16,87,2,0,1,0,75.8,15.3,34,12.5
Sigurdsson,EVE,29,LIV (H) 0-0,3,90,0,0,1,0,14.2,17.8,6,3.8
Sigurdsson,EVE,30,NEW (A) 3-2,2,90,0,0,0,3,7.4,3,41,5.1
Sigurdsson,EVE,31,CHE (H) 2-0,6,85,1,0,1,0,48,43,36,12.7
Sigurdsson,EVE,32,WHU (A) 0-2,6,84,0,1,1,0,37,63.9,56,15.7
Sigurdsson,EVE,33,ARS (H) 1-0,3,90,0,0,1,0,14.8,55,68,13.8
Sigurdsson,EVE,34,FUL (A) 2-0,2,73,0,0,0,2,7.2,32.3,0,4
Sigurdsson,EVE,35,MUN (H) 4-0,14,90,1,1,1,0,62.4,55.1,15,13.3
Fraser,BOU,1,CAR (H) 2-0,11,90,1,0,1,0,42.8,43.3,25,11.1
Fraser,BOU,2,WHU (A) 1-2,6,90,0,1,0,1,30.8,27.5,14,7.2
Fraser,BOU,3,EVE (H) 2-2,2,90,0,0,0,2,25,49,25,9.9
Fraser,BOU,4,CHE (A) 2-0,2,90,0,0,0,2,4,2.2,26,3.2
Fraser,BOU,5,LEI (H) 4-2,18,90,2,1,0,2,88.4,22.2,38,14.9
Fraser,BOU,6,BUR (A) 4-0,2,90,0,0,0,4,15.2,51.2,37,10.3
Fraser,BOU,7,CRY (H) 2-1,1,90,0,0,0,1,14.2,56.6,0,7.1
Fraser,BOU,8,WAT (A) 0-4,6,65,0,1,1,0,21.6,34,0,5.6
Fraser,BOU,9,SOU (H) 0-0,3,76,0,0,1,0,7.4,16.8,2,2.6
Fraser,BOU,10,FUL (A) 0-3,11,88,0,2,1,0,43.2,37.4,13,9.4
Fraser,BOU,11,MUN (H) 1-2,2,73,0,0,0,1,14.6,36,40,9.1
Fraser,BOU,12,NEW (A) 2-1,6,90,0,1,0,2,35.8,76.2,31,14.3
Fraser,BOU,13,ARS (H) 1-2,2,90,0,0,0,2,17.4,14.9,9,4.1
Fraser,BOU,14,MCI (A) 3-1,2,71,0,0,0,2,3.6,22.9,4,3.1
Fraser,BOU,15,HUD (H) 2-1,12,86,1,1,0,1,56.6,30.1,17,10.4
Fraser,BOU,16,LIV (H) 0-4,2,90,0,0,0,4,5.8,8.8,0,1.5
Fraser,BOU,17,WOL (A) 2-0,2,90,0,0,0,2,9.6,33.2,4,4.7
Fraser,BOU,18,BHA (H) 2-0,4,25,0,1,0,0,27.2,34.6,2,6.4
Fraser,BOU,19,TOT (A) 5-0,2,90,0,0,0,5,19.2,69.3,22,11.1
Fraser,BOU,20,MUN (A) 4-1,1,24,0,0,0,1,2.6,10.9,2,1.6
Fraser,BOU,21,WAT (H) 3-3,12,81,1,1,0,3,63.8,42.6,65,17.1
Fraser,BOU,22,EVE (A) 2-0,2,90,0,0,0,2,22.4,72.4,19,11.4
Fraser,BOU,23,WHU (H) 2-0,3,90,0,0,1,0,15.2,37.6,4,5.7
Fraser,BOU,24,CHE (H) 4-0,3,90,0,0,1,0,5.8,3.1,4,1.3
Fraser,BOU,25,CAR (A) 2-0,2,90,0,0,0,2,3,29,17,4.9
Fraser,BOU,26,LIV (A) 3-0,2,90,0,0,0,3,18.4,12.3,31,6.2
Fraser,BOU,27,WOL (H) 1-1,3,90,0,0,0,1,21,38,8,6.7
Fraser,BOU,28,ARS (A) 5-1,2,79,0,0,0,5,10.4,17.2,24,5.2
Fraser,BOU,29,MCI (H) 0-1,2,90,0,0,0,1,3.8,4.7,0,0.9
Fraser,BOU,30,HUD (A) 0-2,13,90,1,1,1,0,64.2,43.7,21,12.9
Fraser,BOU,31,NEW (H) 2-2,2,90,0,0,0,2,11.4,44,10,6.5
Fraser,BOU,32,LEI (A) 2-0,2,90,0,0,0,2,11.4,26.8,11,4.9
Fraser,BOU,33,BUR (H) 1-3,2,90,0,0,0,3,14.2,37.9,11,6.3
Fraser,BOU,34,BHA (A) 0-5,16,90,1,2,1,0,80.4,51.8,11,14.3
Fraser,BOU,35,FUL (H) 0-1,2,90,0,0,0,1,15,28.2,94,13.7
Milivojevic,CRY,1,FUL (A) 0-2,3,90,0,0,1,0,16.8,34.6,0,5.1
Milivojevic,CRY,2,LIV (H) 0-2,2,90,0,0,0,2,19.6,5.3,7,3.2
Milivojevic,CRY,3,WAT (A) 2-1,2,90,0,0,0,2,14.6,29.8,0,4.4
Milivojevic,CRY,4,SOU (H) 0-2,2,90,0,0,0,2,30.2,34.1,7,7.1
Milivojevic,CRY,5,HUD (A) 0-1,3,90,0,0,1,0,5.4,6.8,0,1.2
Milivojevic,CRY,6,NEW (H) 0-0,3,90,0,0,1,0,29.4,19.8,22,7.1
Milivojevic,CRY,7,BOU (A) 2-1,2,90,0,0,0,2,16,13.9,20,5
Milivojevic,CRY,8,WOL (H) 0-1,2,90,0,0,0,1,21.4,18.3,15,5.5
Milivojevic,CRY,9,EVE (A) 2-0,0,90,0,0,0,2,24,1.7,25,5.1
Milivojevic,CRY,10,ARS (H) 2-2,15,90,2,0,0,2,74.6,28.3,38,14.1
Milivojevic,CRY,11,CHE (A) 3-1,1,90,0,0,0,3,18.6,11.6,0,3
Milivojevic,CRY,12,TOT (H) 0-1,2,90,0,0,0,1,24,32.6,8,6.5
Milivojevic,CRY,13,MUN (A) 0-0,2,90,0,0,1,0,29.2,23.8,2,5.5
Milivojevic,CRY,14,BUR (H) 2-0,3,90,0,0,1,0,5.2,12.6,28,4.6
Milivojevic,CRY,15,BHA (A) 3-1,9,90,1,0,0,3,50.6,6.5,46,10.3
Milivojevic,CRY,16,WHU (A) 3-2,2,90,0,0,0,3,15,13.1,9,3.7
Milivojevic,CRY,17,LEI (H) 1-0,11,90,1,0,1,0,49.4,13.2,8,7.1
Milivojevic,CRY,18,MCI (A) 2-3,10,90,1,0,0,2,48.6,0.9,17,6.7
Milivojevic,CRY,19,CAR (H) 0-0,3,90,0,0,1,0,8.2,28.7,18,5.5
Milivojevic,CRY,20,CHE (H) 0-1,2,90,0,0,0,1,14.6,3.7,4,2.2
Milivojevic,CRY,21,WOL (A) 0-2,7,90,1,0,1,0,39.4,3.9,25,6.8
Milivojevic,CRY,22,WAT (H) 1-2,1,90,0,0,0,2,30,53.7,22,10.6
Milivojevic,CRY,23,LIV (A) 4-3,5,90,0,1,0,4,31.2,15.8,0,4.7
Milivojevic,CRY,24,SOU (A) 1-1,1,90,0,0,0,1,10.4,33.2,8,5.2
Milivojevic,CRY,25,FUL (H) 2-0,11,90,1,0,1,0,51,51.7,25,12.8
Milivojevic,CRY,26,WHU (H) 1-1,1,90,0,0,0,1,19.6,50,8,7.8
Milivojevic,CRY,27,LEI (A) 1-4,9,90,1,0,0,1,57.6,10.8,17,8.5
Milivojevic,CRY,28,MUN (H) 1-3,2,90,0,0,0,3,26.2,62.9,1,9
Milivojevic,CRY,29,BUR (A) 1-3,2,90,0,0,0,1,9.6,6.6,2,1.8
Milivojevic,CRY,30,BHA (H) 1-2,10,90,1,0,0,2,48.2,37.3,18,10.4
Milivojevic,CRY,32,HUD (H) 2-0,9,90,1,0,1,0,49.6,21.5,17,8.8
Milivojevic,CRY,32,TOT (A) 2-0,2,90,0,0,0,2,11,11,0,2.2
Milivojevic,CRY,33,NEW (A) 0-1,10,90,1,0,1,0,43.4,9.9,17,7
Milivojevic,CRY,34,MCI (H) 1-3,8,90,1,0,0,3,45.6,29.1,10,8.5
Milivojevic,CRY,35,ARS (A) 2-3,5,90,0,1,0,2,39.4,78.3,0,11.8
Son,TOT,1,NEW (A) 1-2,1,10,0,0,0,0,8,1,2,1.1
Son,TOT,2,FUL (H) 3-1,0,0,0,0,0,0,0,0,0,0
Son,TOT,3,MUN (A) 0-3,0,0,0,0,0,0,0,0,0,0
Son,TOT,4,WAT (A) 2-1,0,0,0,0,0,0,0,0,0,0
Son,TOT,5,LIV (H) 1-2,1,17,0,0,0,0,3.2,11.6,4,1.9
Son,TOT,6,BHA (A) 1-2,3,67,0,0,1,0,7.2,5.8,27,4
Son,TOT,7,HUD (A) 0-2,3,89,0,0,1,0,5.4,11.9,23,4
Son,TOT,8,CAR (H) 1-0,3,71,0,0,1,0,8.6,24.6,26,5.9
Son,TOT,9,WHU (A) 0-1,0,0,0,0,0,0,0,0,0,0
Son,TOT,10,MCI (H) 0-1,0,0,0,0,0,0,0,0,0,0
Son,TOT,11,WOL (A) 2-3,4,51,0,1,0,0,17.6,13.7,4,3.5
Son,TOT,12,CRY (A) 0-1,1,19,0,0,0,0,3.2,2.2,20,2.5
Son,TOT,13,CHE (H) 3-1,8,77,1,0,1,0,38.8,12.9,72,12.4
Son,TOT,14,ARS (A) 4-2,5,78,0,1,0,4,16.8,3.9,43,6.4
Son,TOT,15,SOU (H) 3-1,8,90,1,0,0,1,39.6,26,58,12.4
Son,TOT,16,LEI (A) 0-2,14,73,1,1,1,0,57.4,36.9,31,12.5
Son,TOT,17,BUR (H) 1-0,1,15,0,0,0,0,0,0.2,11,1
Son,TOT,18,EVE (A) 2-6,21,78,2,2,0,2,91.4,27.4,77,19.6
Son,TOT,19,BOU (H) 5-0,13,87,2,0,1,0,68.8,14.6,46,12.9
Son,TOT,20,WOL (H) 1-3,5,90,0,1,0,3,24.4,39.6,22,8.6
Son,TOT,21,CAR (A) 0-3,13,75,1,1,1,0,54.8,17.9,37,11
Son,TOT,22,MUN (H) 0-1,2,90,0,0,0,1,10.8,28.9,39,7.9
Son,TOT,23,FUL (A) 1-2,0,0,0,0,0,0,0,0,0,0
Son,TOT,24,WAT (H) 2-1,9,90,1,0,0,1,40.6,6.2,71,11.8
Son,TOT,25,NEW (H) 1-0,11,88,1,0,1,0,39,21.4,64,12.4
Son,TOT,26,LEI (H) 3-1,6,90,1,0,0,1,34.6,15.3,41,9.1
Son,TOT,27,BUR (A) 2-1,2,87,0,0,0,2,10.2,37.7,9,5.7
Son,TOT,28,CHE (A) 2-0,2,79,0,0,0,1,12.6,7.2,26,4.6
Son,TOT,29,ARS (H) 1-1,2,78,0,0,0,1,0,4.8,15,1.9
Son,TOT,30,SOU (A) 2-1,1,18,0,0,0,2,0.2,1.9,2,0.4
Son,TOT,32.1,LIV (A) 2-1,1,21,0,0,0,1,1.4,10.7,0,1.2
Son,TOT,32.2,CRY (H) 2-0,10,90,1,0,1,0,44.4,29.1,48,12.2
Son,TOT,34,HUD (H) 4-0,4,3,0,1,0,0,17.2,13.3,0,3.1
Son,TOT,35.1,MCI (A) 1-0,2,90,0,0,0,1,11.4,11.8,52,7.5
Son,TOT,35.2,BHA (H) 1-0,3,89,0,0,1,0,6.2,49,45,10
Sane,MCI,1,ARS (A) 0-2,1,3,0,0,0,0,0,11.1,1,1.2
Sane,MCI,2,HUD (H) 6-1,4,14,0,1,0,0,5.6,5.6,57,6.8
Sane,MCI,3,WOL (A) 1-1,1,13,0,0,0,0,3,0.5,0,0.4
Sane,MCI,4,NEW (H) 2-1,0,0,0,0,0,0,0,0,0,0
Sane,MCI,5,FUL (H) 3-0,9,90,1,0,1,0,45.2,43.4,73,16.2
Sane,MCI,6,CAR (A) 0-5,6,90,0,1,1,0,22.4,24.1,23,7
Sane,MCI,7,BHA (H) 2-0,6,70,0,1,1,0,30,37.7,52,12
Sane,MCI,8,LIV (A) 0-0,1,14,0,0,0,0,0,0.7,4,0.5
Sane,MCI,9,BUR (H) 5-0,7,90,1,0,1,0,42.6,28.8,81,15.2
Sane,MCI,10,TOT (A) 0-1,0,0,0,0,0,0,0,0,0,0
Sane,MCI,11,SOU (H) 6-1,14,90,1,2,0,1,54.4,31.9,45,13.1
Sane,MCI,12,MUN (H) 3-1,1,28,0,0,0,0,2.6,13.7,3,1.9
Sane,MCI,13,WHU (A) 0-4,19,90,2,1,1,0,100.8,47.3,100,24.8
Sane,MCI,14,BOU (H) 3-1,5,90,0,1,0,1,33.2,36.8,46,11.6
Sane,MCI,15,WAT (A) 1-2,7,90,1,0,0,1,44.2,32.8,50,12.7
Sane,MCI,16,CHE (A) 2-0,1,52,0,0,0,1,6.2,26.8,32,6.5
Sane,MCI,17,EVE (H) 3-1,10,65,0,2,0,1,38.8,41.7,26,10.7
Sane,MCI,18,CRY (H) 2-3,2,90,0,0,0,3,7.4,49.1,53,11
Sane,MCI,19,LEI (A) 2-1,2,90,0,0,0,2,12.6,16.6,39,6.8
Sane,MCI,20,SOU (A) 1-3,1,6,0,0,0,0,0.4,1.1,0,0.2
Sane,MCI,21,LIV (H) 2-1,10,90,1,0,0,1,43.2,15.1,27,8.5
Sane,MCI,22,WOL (H) 3-0,8,73,0,1,1,0,23.2,32,46,10.1
Sane,MCI,23,HUD (A) 0-3,12,71,1,1,1,0,52.4,17.1,19,8.9
Sane,MCI,24,NEW (A) 2-1,2,72,0,0,0,1,5.2,14.8,28,4.8
Sane,MCI,25.1,ARS (H) 3-1,0,0,0,0,0,0,0,0,0,0
Sane,MCI,25.2,EVE (A) 0-2,1,58,0,0,0,0,6.4,14.9,17,3.8
Sane,MCI,26,CHE (H) 6-0,0,0,0,0,0,0,0,0,0,0
Sane,MCI,28,WHU (H) 1-0,1,56,0,0,0,0,6.8,7.3,6,2
Sane,MCI,29,BOU (A) 0-1,0,0,0,0,0,0,0,0,0,0
Sane,MCI,30,WAT (H) 3-1,1,26,0,0,0,1,0,5.1,18,2.3
Sane,MCI,32.1,FUL (A) 0-2,0,0,0,0,0,0,0,0,0,0
Sane,MCI,32.2,CAR (H) 2-0,8,90,1,0,1,0,51,40.9,66,15.8
Sane,MCI,34,CRY (A) 1-3,5,86,0,1,0,1,28.2,16.9,76,12.1
Sane,MCI,35.1,TOT (H) 1-0,1,24,0,0,0,0,5,14.3,7,2.6
Sane,MCI,35.2,MUN (A) 0-2,6,39,1,0,0,0,38.4,1.3,25,6.5
Eriksen,TOT,1,NEW (A) 1-2,2,90,0,0,0,1,19.2,72.3,12,10.4
Eriksen,TOT,2,FUL (H) 3-1,2,90,0,0,0,1,6.4,22.2,40,6.9
Eriksen,TOT,3,MUN (A) 0-3,6,90,0,1,1,0,0,0,0,0
Eriksen,TOT,4,WAT (A) 2-1,2,90,0,0,0,2,15.2,5.9,25,4.6
Eriksen,TOT,5,LIV (H) 1-2,5,90,0,1,0,2,26.8,41.3,13,8.1
Eriksen,TOT,6,BHA (A) 1-2,2,90,0,0,0,1,10.8,27.8,17,5.6
Eriksen,TOT,7,HUD (A) 0-2,0,0,0,0,0,0,0,0,0,0
Eriksen,TOT,8,CAR (H) 1-0,0,0,0,0,0,0,0,0,0,0
Eriksen,TOT,9,WHU (A) 0-1,1,1,0,0,0,0,0,0,0,0
Eriksen,TOT,10,MCI (H) 0-1,1,9,0,0,0,0,0,0.5,4,0.5
Eriksen,TOT,11,WOL (A) 2-3,1,31,0,0,0,2,4.4,1.2,0,0.6
Eriksen,TOT,12,CRY (A) 0-1,0,0,0,0,0,0,0,0,0,0
Eriksen,TOT,13,CHE (H) 3-1,11,90,0,2,0,1,54.8,89.1,2,14.6
Eriksen,TOT,14,ARS (A) 4-2,5,90,0,1,0,4,24.8,29.8,28,8.3
Eriksen,TOT,15,SOU (H) 3-1,6,78,0,1,1,0,32.4,47.5,16,9.6
Eriksen,TOT,16,LEI (A) 0-2,1,23,0,0,0,0,0.6,0.8,2,0.3
Eriksen,TOT,17,BUR (H) 1-0,7,25,1,0,0,0,39.4,12,17,6.8
Eriksen,TOT,18,EVE (A) 2-6,6,90,1,0,0,2,39.6,3.8,12,5.5
Eriksen,TOT,19,BOU (H) 5-0,13,83,1,1,1,0,58.6,26.9,7,9.3
Eriksen,TOT,20,WOL (H) 1-3,1,90,0,0,0,3,19.8,43.2,29,9.2
Eriksen,TOT,21,CAR (A) 0-3,9,90,1,0,1,0,47.2,33.4,11,9.2
Eriksen,TOT,22,MUN (H) 0-1,2,90,0,0,0,1,21.4,46.5,16,8.4
Eriksen,TOT,23,FUL (A) 1-2,6,90,0,1,0,1,20.6,23.3,41,8.5
Eriksen,TOT,24,WAT (H) 2-1,2,90,0,0,0,1,8.4,15.3,19,4.3
Eriksen,TOT,25,NEW (H) 1-0,3,90,0,0,1,0,33,80.3,84,19.7
Eriksen,TOT,26,LEI (H) 3-1,13,90,1,1,0,1,61.4,26.9,18,10.6
Eriksen,TOT,27,BUR (A) 2-1,2,90,0,0,0,2,12.8,41.1,16,7
Eriksen,TOT,28,CHE (A) 2-0,2,90,0,0,0,2,4,4.7,5,1.4
Eriksen,TOT,29,ARS (H) 1-1,2,90,0,0,0,1,4.6,4.2,35,4.4
Eriksen,TOT,30,SOU (A) 2-1,2,90,0,0,0,2,24.4,58.8,19,10.2
Eriksen,TOT,32.1,LIV (A) 2-1,6,90,0,1,0,2,25.4,60.3,21,10.7
Eriksen,TOT,32.2,CRY (H) 2-0,14,90,1,1,1,0,67.4,69.3,56,19.3
Eriksen,TOT,34,HUD (H) 4-0,6,90,0,1,1,0,34.6,77.3,56,16.8
Eriksen,TOT,35.1,MCI (A) 1-0,2,90,0,0,0,1,11.8,44.8,27,8.4
Eriksen,TOT,35.2,BHA (H) 1-0,7,90,1,0,1,0,42,31,35,10.8
FelipeAnderson,WHU,1,LIV (A) 4-0,2,61,0,0,0,3,15.2,26.8,2,4.4
FelipeAnderson,WHU,2,BOU (H) 1-2,1,90,0,0,0,2,15.4,25.2,4,4.5
FelipeAnderson,WHU,3,ARS (A) 3-1,5,90,0,1,0,3,32.4,38.6,33,10.4
FelipeAnderson,WHU,4,WOL (H) 0-1,2,90,0,0,0,1,14.2,28.8,9,5.2
FelipeAnderson,WHU,5,EVE (A) 1-3,2,90,0,0,0,1,22.2,43.2,7,7.2
FelipeAnderson,WHU,6,CHE (H) 0-0,2,73,0,0,1,0,10.8,11.8,10,3.3
FelipeAnderson,WHU,7,MUN (H) 3-1,10,90,1,0,0,1,57.2,54.1,33,14.4
FelipeAnderson,WHU,8,BHA (A) 1-0,2,90,0,0,0,1,19.6,87.8,7,11.4
FelipeAnderson,WHU,9,TOT (H) 0-1,1,56,0,0,0,1,4.2,3,12,1.9
FelipeAnderson,WHU,10,LEI (A) 1-1,3,80,0,0,1,0,15.4,16.5,19,5.1
FelipeAnderson,WHU,11,BUR (H) 4-2,13,90,2,0,0,2,80.6,29.1,65,17.5
FelipeAnderson,WHU,12,HUD (A) 1-1,9,90,1,0,0,1,36.6,9.3,37,8.3
FelipeAnderson,WHU,13,MCI (H) 0-4,2,67,0,0,0,3,1.4,4.1,0,0.6
FelipeAnderson,WHU,14,NEW (A) 0-3,10,90,1,0,1,0,49.4,19.8,36,10.5
FelipeAnderson,WHU,15,CAR (H) 3-1,2,90,0,0,0,1,14.8,47.3,22,8.4
FelipeAnderson,WHU,16,CRY (H) 3-2,12,83,1,1,0,2,42.8,4.3,42,8.9
FelipeAnderson,WHU,17,FUL (A) 0-2,6,90,0,1,1,0,35,25.6,29,9
FelipeAnderson,WHU,18,WAT (H) 0-2,2,90,0,0,0,2,18.4,42.9,20,8.1
FelipeAnderson,WHU,19,SOU (A) 1-2,15,90,2,0,0,1,89,33.3,63,18.5
FelipeAnderson,WHU,20,BUR (A) 2-0,2,90,0,0,0,2,4.8,32.2,21,5.8
FelipeAnderson,WHU,21,BHA (H) 2-2,2,90,0,0,0,2,11,14.9,37,6.3
FelipeAnderson,WHU,22,ARS (H) 1-0,3,90,0,0,1,0,18.6,56.3,18,9.3
FelipeAnderson,WHU,23,BOU (A) 2-0,2,90,0,0,0,2,11,25.9,10,4.7
FelipeAnderson,WHU,24,WOL (A) 3-0,2,90,0,0,0,3,6.2,5.7,1,1.3
FelipeAnderson,WHU,25,LIV (H) 1-1,8,90,0,1,0,1,37.6,48.8,16,10.2
FelipeAnderson,WHU,26,CRY (A) 1-1,2,90,0,0,0,1,26.2,30.8,4,6.1
FelipeAnderson,WHU,27,FUL (H) 3-1,2,75,0,0,0,1,8.8,40.6,14,6.3
FelipeAnderson,WHU,28,MCI (A) 1-0,2,75,0,0,0,1,0,5.1,0,0.3
FelipeAnderson,WHU,29,NEW (H) 2-0,3,90,0,0,1,0,12.6,11,2,2.6
FelipeAnderson,WHU,30,CAR (A) 2-0,1,45,0,0,0,1,8.4,4.1,0,1.3
FelipeAnderson,WHU,31,HUD (H) 4-3,5,90,0,1,0,3,36,51.6,20,10.8
FelipeAnderson,WHU,32,EVE (H) 0-2,0,0,0,0,0,0,0,0,0,0
FelipeAnderson,WHU,33,CHE (A) 2-0,2,90,0,0,0,2,15.8,25.1,27,6.8
FelipeAnderson,WHU,34,MUN (A) 2-1,8,90,1,0,0,2,40.8,21.9,99,16.2
FelipeAnderson,WHU,35,LEI (H) 2-2,2,90,0,0,0,2,23.8,35.6,14,7.3
Richarlison,EVE,1,WOL (A) 2-2,14,85,2,0,0,2,78.2,5.6,56,14
Richarlison,EVE,2,SOU (H) 2-1,9,85,1,0,0,1,51,24.1,35,11
Richarlison,EVE,3,BOU (A) 2-2,0,40,0,0,0,2,0,5.6,20,2.3
Richarlison,EVE,4,HUD (H) 1-1,0,0,0,0,0,0,0,0,0,0
Richarlison,EVE,5,WHU (H) 1-3,0,0,0,0,0,0,0,0,0,0
Richarlison,EVE,6,ARS (A) 2-0,2,90,0,0,0,2,8.6,1.7,27,3.7
Richarlison,EVE,7,FUL (H) 3-0,3,87,0,0,1,0,18.2,22.8,68,10.9
Richarlison,EVE,8,LEI (A) 1-2,7,90,1,0,0,1,34.4,4,23,6.1
Richarlison,EVE,9,CRY (H) 2-0,3,90,0,0,1,0,5.4,4.6,16,2.6
Richarlison,EVE,10,MUN (A) 2-1,5,90,0,1,0,2,16.2,23.8,15,5.5
Richarlison,EVE,11,BHA (H) 3-1,15,90,2,0,0,1,73.4,15.7,80,16.9
Richarlison,EVE,12,CHE (A) 0-0,3,88,0,0,1,0,0,2.1,12,1.3
Richarlison,EVE,13,CAR (H) 1-0,3,90,0,0,1,0,13,17,40,7
Richarlison,EVE,14,LIV (A) 1-0,2,90,0,0,0,1,8.4,2.2,13,2.4
Richarlison,EVE,15,NEW (H) 1-1,10,90,1,0,0,1,40.4,5.4,131,17.7
Richarlison,EVE,16,WAT (H) 2-2,7,90,1,0,0,2,41.8,13.4,45,10
Richarlison,EVE,17,MCI (A) 3-1,2,90,0,0,0,3,0,1.9,16,1.7
Richarlison,EVE,18,TOT (H) 2-6,5,74,0,1,0,6,14.6,12.2,6,3.3
Richarlison,EVE,19,BUR (A) 1-5,5,23,1,0,0,0,32.4,1,42,7.5
Richarlison,EVE,20,BHA (A) 1-0,2,90,0,0,0,1,9.8,4.9,40,5.5
Richarlison,EVE,21,LEI (H) 0-1,2,90,0,0,0,1,2.8,2.5,50,5.5
Richarlison,EVE,22,BOU (H) 2-0,2,86,0,0,1,0,0,5.1,52,5.2
Richarlison,EVE,23,SOU (A) 2-1,2,64,0,0,0,2,2.8,2.5,2,0.7
Richarlison,EVE,24,HUD (A) 0-1,8,85,1,0,1,0,41.6,4.6,39,8.5
Richarlison,EVE,25,WOL (H) 1-3,2,90,0,0,0,3,16.2,29.1,8,5.3
Richarlison,EVE,25,MCI (H) 0-2,1,17,0,0,0,1,3.2,0.1,0,0.3
Richarlison,EVE,26,WAT (A) 1-0,2,65,0,0,0,1,11.6,1.3,4,1.7
Richarlison,EVE,28,CAR (A) 0-3,3,60,0,0,1,0,1.4,8.7,12,2.2
Richarlison,EVE,29,LIV (H) 0-0,1,31,0,0,0,0,3.4,2.5,27,3.3
Richarlison,EVE,30,NEW (A) 3-2,8,74,1,0,0,1,47.6,12,59,11.9
Richarlison,EVE,31,CHE (H) 2-0,8,90,1,0,1,0,38.2,5,57,10
Richarlison,EVE,32,WHU (A) 0-2,2,89,0,0,1,0,18.6,18.8,32,6.9
Richarlison,EVE,33,ARS (H) 1-0,3,78,0,0,1,0,11.2,32.7,17,6.1
Richarlison,EVE,34,FUL (A) 2-0,1,83,0,0,0,2,5,13.9,26,4.5
Richarlison,EVE,35,MUN (H) 4-0,6,50,1,0,0,0,34.8,1.8,77,11.4
BernardoSilva,MCI,1,ARS (A) 0-2,8,90,1,0,1,0,35.6,6.1,23,6.5
BernardoSilva,MCI,2,HUD (H) 6-1,2,90,0,0,0,1,16.2,36.6,34,8.7
BernardoSilva,MCI,3,WOL (A) 1-1,2,61,0,0,0,1,7.6,9.7,20,3.7
BernardoSilva,MCI,4,NEW (H) 2-1,1,32,0,0,0,0,1.8,2.7,2,0.7
BernardoSilva,MCI,5,FUL (H) 3-0,3,90,0,0,1,0,16.6,61.8,59,13.7
BernardoSilva,MCI,6,CAR (A) 0-5,14,90,1,1,1,0,66.8,50.4,47,16.4
BernardoSilva,MCI,7,BHA (H) 2-0,3,90,0,0,1,0,10.6,42.2,13,6.6
BernardoSilva,MCI,8,LIV (A) 0-0,2,90,0,0,1,0,15,15,2,3.2
BernardoSilva,MCI,9,BUR (H) 5-0,6,57,1,0,0,0,33.6,18.3,29,8.1
BernardoSilva,MCI,10,TOT (A) 0-1,3,90,0,0,1,0,13.8,18.6,46,7.8
BernardoSilva,MCI,11,SOU (H) 6-1,2,90,0,0,0,1,17.8,35.9,44,9.8
BernardoSilva,MCI,12,MUN (H) 3-1,10,90,0,2,0,1,54.4,70.3,11,13.6
BernardoSilva,MCI,13,WHU (A) 0-4,0,0,0,0,0,0,0,0,0,0
BernardoSilva,MCI,14,BOU (H) 3-1,8,86,1,0,0,1,41.8,33.7,29,10.5
BernardoSilva,MCI,15,WAT (A) 1-2,2,90,0,0,0,1,7.4,15.8,35,5.8
BernardoSilva,MCI,16,CHE (A) 2-0,2,90,0,0,0,2,10.4,16.6,11,3.8
BernardoSilva,MCI,17,EVE (H) 3-1,2,90,0,0,0,1,4.4,7.8,2,1.4
BernardoSilva,MCI,18,CRY (H) 2-3,5,90,0,1,0,3,38.4,55.3,64,15.8
BernardoSilva,MCI,19,LEI (A) 2-1,9,82,1,0,0,2,40.8,27.8,21,9
BernardoSilva,MCI,20,SOU (A) 1-3,7,90,0,1,0,1,25.4,19,12,5.6
BernardoSilva,MCI,21,LIV (H) 2-1,4,90,0,1,0,1,32.6,17.3,19,6.9
BernardoSilva,MCI,22,WOL (H) 3-0,3,90,0,0,1,0,14.8,41.1,28,8.4
BernardoSilva,MCI,23,HUD (A) 0-3,1,18,0,0,0,0,3.4,1.8,21,2.6
BernardoSilva,MCI,24,NEW (A) 2-1,1,25,0,0,0,2,3.8,12.7,4,2.1
BernardoSilva,MCI,25.1,ARS (H) 3-1,2,90,0,0,0,1,17.2,48.3,28,9.4
BernardoSilva,MCI,25.2,EVE (A) 0-2,3,90,0,0,1,0,11,16.1,53,8
BernardoSilva,MCI,26,CHE (H) 6-0,3,90,0,0,1,0,20,18.6,4,4.3
BernardoSilva,MCI,28,WHU (H) 1-0,4,33,0,1,0,0,6.4,34.3,22,6.3
BernardoSilva,MCI,29,BOU (A) 0-1,3,90,0,0,1,0,6.6,20.2,54,8.1
BernardoSilva,MCI,30,WAT (H) 3-1,2,90,0,0,0,1,18.2,31.3,23,7.3
BernardoSilva,MCI,32.1,FUL (A) 0-2,14,90,1,1,1,0,64.2,45.8,43,15.3
BernardoSilva,MCI,32.2,CAR (H) 2-0,0,0,0,0,0,0,0,0,0,0
BernardoSilva,MCI,34,CRY (A) 1-3,1,25,0,0,0,1,5,12.7,2,2
BernardoSilva,MCI,35.1,TOT (H) 1-0,3,90,0,0,1,0,37.6,50.2,55,14.3
BernardoSilva,MCI,35.2,MUN (A) 0-2,11,90,1,0,1,0,40.2,10.3,30,8.1
DavidSilva,MCI,1,ARS (A) 0-2,0,0,0,0,0,0,0,0,0,0
DavidSilva,MCI,2,HUD (H) 6-1,9,63,1,0,0,1,51.8,78.1,39,16.9
DavidSilva,MCI,3,WOL (A) 1-1,1,90,0,0,0,1,13.4,39.4,32,8.5
DavidSilva,MCI,4,NEW (H) 2-1,2,89,0,0,0,1,16.8,59.8,93,17
DavidSilva,MCI,5,FUL (H) 3-0,11,90,1,0,1,0,54.2,55.8,51,16.1
DavidSilva,MCI,6,CAR (A) 0-5,0,0,0,0,0,0,0,0,0,0
DavidSilva,MCI,7,BHA (H) 2-0,3,87,0,0,1,0,25,72.5,36,13.4
DavidSilva,MCI,8,LIV (A) 0-0,3,90,0,0,1,0,7.6,25.9,34,6.8
DavidSilva,MCI,9,BUR (H) 5-0,9,74,0,2,1,0,41.6,49.5,66,15.7
DavidSilva,MCI,10,TOT (A) 0-1,3,88,0,0,1,0,21.6,56.3,57,13.5
DavidSilva,MCI,11,SOU (H) 6-1,7,71,1,0,0,1,46.2,30.7,46,12.3
DavidSilva,MCI,12,MUN (H) 3-1,9,90,1,0,0,1,47.6,39.4,33,12
DavidSilva,MCI,13,WHU (A) 0-4,9,90,1,0,1,0,43.2,15.2,59,11.7
DavidSilva,MCI,14,BOU (H) 3-1,1,13,0,0,0,0,1.4,5.1,0,0.7
DavidSilva,MCI,15,WAT (A) 1-2,3,72,0,0,1,0,7.2,27,9,4.3
DavidSilva,MCI,16,CHE (A) 2-0,2,67,0,0,0,1,0.4,17.1,10,2.8
DavidSilva,MCI,17,EVE (H) 3-1,0,0,0,0,0,0,0,0,0,0
DavidSilva,MCI,18,CRY (H) 2-3,0,0,0,0,0,0,0,0,0,0
DavidSilva,MCI,19,LEI (A) 2-1,1,20,0,0,0,1,3.8,2.2,18,2.4
DavidSilva,MCI,20,SOU (A) 1-3,10,90,1,0,0,1,53.4,56.2,36,14.6
DavidSilva,MCI,21,LIV (H) 2-1,2,64,0,0,0,1,0,2.7,24,2.5
DavidSilva,MCI,22,WOL (H) 3-0,3,61,0,0,1,0,13,42.6,15,7.1
DavidSilva,MCI,23,HUD (A) 0-3,1,31,0,0,0,0,7.4,14.3,2,2.4
DavidSilva,MCI,24,NEW (A) 2-1,5,90,0,1,0,2,32.8,34.1,81,14.8
DavidSilva,MCI,25.1,ARS (H) 3-1,2,90,0,0,0,1,18.6,38.7,41,9.8
DavidSilva,MCI,25.2,EVE (A) 0-2,6,88,0,1,1,0,25.6,21.8,48,9.5
DavidSilva,MCI,26,CHE (H) 6-0,1,15,0,0,0,0,2,1.1,0,0.3
DavidSilva,MCI,28,WHU (H) 1-0,3,90,0,0,1,0,8.4,40.9,59,10.8
DavidSilva,MCI,29,BOU (A) 0-1,7,90,0,1,1,0,37,61.5,22,12.1
DavidSilva,MCI,30,WAT (H) 3-1,6,90,0,1,0,1,32,49.5,35,11.7
DavidSilva,MCI,32.1,FUL (A) 0-2,3,90,0,0,1,0,13.6,37.8,25,7.6
DavidSilva,MCI,32.2,CAR (H) 2-0,0,0,0,0,0,0,0,0,0,0
DavidSilva,MCI,34,CRY (A) 1-3,3,64,0,0,1,0,10.8,50.8,24,8.6
DavidSilva,MCI,35.1,TOT (H) 1-0,1,5,0,0,0,0,0,0.2,0,0
DavidSilva,MCI,35.2,MUN (A) 0-2,3,90,0,0,1,0,24.8,53.3,22,10
Maddison,LEI,1,MUN (A) 2-1,2,62,0,0,0,1,8.2,13.8,29,5.1
Maddison,LEI,2,WOL (H) 2-0,9,81,1,0,1,0,41.4,4.8,9,5.5
Maddison,LEI,3,SOU (A) 1-2,2,77,0,0,0,1,9.6,21.1,4,3.5
Maddison,LEI,4,LIV (H) 1-2,5,82,0,1,0,2,23.8,39.4,46,10.9
Maddison,LEI,5,BOU (A) 4-2,8,90,1,0,0,4,57.8,40.7,51,15
Maddison,LEI,6,HUD (H) 3-1,8,84,1,0,0,1,43,31.9,8,8.3
Maddison,LEI,7,NEW (A) 0-2,6,84,0,1,1,0,34.6,80.5,8,12.3
Maddison,LEI,8,EVE (H) 1-2,2,79,0,0,0,2,3.2,10.1,11,2.4
Maddison,LEI,9,ARS (A) 3-1,2,74,0,0,0,3,9.2,41.8,3,5.4
Maddison,LEI,10,WHU (H) 1-1,2,90,0,0,0,1,18.2,60.5,24,10.3
Maddison,LEI,11,CAR (A) 0-1,3,81,0,0,1,0,12.6,61.2,27,10.1
Maddison,LEI,12,BUR (H) 0-0,0,0,0,0,0,0,0,0,0,0
Maddison,LEI,13,BHA (A) 1-1,0,27,0,0,0,1,0,2.6,0,0
Maddison,LEI,14,WAT (H) 2-0,8,90,1,0,1,0,43.6,17.5,24,8.5
Maddison,LEI,15,FUL (A) 1-1,10,90,1,0,0,1,51,66.8,38,15.6
Maddison,LEI,16,TOT (H) 0-2,2,90,0,0,0,2,15.2,43,13,7.1
Maddison,LEI,17,CRY (A) 1-0,1,45,0,0,0,1,3.8,16.2,0,2
Maddison,LEI,18,CHE (A) 0-1,6,81,0,1,1,0,31.2,55.2,12,9.8
Maddison,LEI,19,MCI (H) 2-1,2,77,0,0,0,1,5,15.9,24,4.5
Maddison,LEI,20,CAR (H) 0-1,0,90,0,0,0,1,30,48.2,35,11.3
Maddison,LEI,21,EVE (A) 0-1,0,0,0,0,0,0,0,0,0,0
Maddison,LEI,22,SOU (H) 1-2,1,90,0,0,0,2,23,105.1,30,15.8
Maddison,LEI,23,WOL (A) 4-3,4,17,0,1,0,1,20.4,15.8,7,4.3
Maddison,LEI,24,LIV (A) 1-1,2,74,0,0,0,1,0.2,5.3,13,1.9
Maddison,LEI,25,MUN (H) 0-1,2,61,0,0,0,1,14.2,51.8,43,10.9
Maddison,LEI,26,TOT (A) 3-1,2,90,0,0,0,3,19.4,114.4,8,14.2
Maddison,LEI,27,CRY (H) 1-4,2,90,0,0,0,4,23.6,79.8,55,15.8
Maddison,LEI,28,BHA (H) 2-1,6,90,0,1,0,1,36,63.8,6,10.6
Maddison,LEI,29,WAT (A) 2-1,2,90,0,0,0,2,11.8,58,16,8.6
Maddison,LEI,30,FUL (H) 3-1,6,80,0,1,0,1,26.2,53.4,2,8.2
Maddison,LEI,31,BUR (A) 1-2,9,63,1,0,0,1,45.6,40.8,20,10.6
Maddison,LEI,32,BOU (H) 2-0,3,90,0,0,1,0,11.6,64.7,29,10.5
Maddison,LEI,33,HUD (A) 1-4,7,90,1,0,0,1,59,52.5,60,17.2
Maddison,LEI,34,NEW (H) 0-1,2,90,0,0,0,1,10.6,29,7,4.7
Maddison,LEI,35,WHU (A) 2-2,2,90,0,0,0,2,16.2,22.6,42,8.1
LucasMoura,TOT,1,NEW (A) 1-2,2,67,0,0,0,1,5,3.2,20,2.8
LucasMoura,TOT,2,FUL (H) 3-1,7,90,1,0,0,1,42.6,11.1,32,8.6
LucasMoura,TOT,3,MUN (A) 0-3,15,90,2,0,1,0,0,0,0,0
LucasMoura,TOT,4,WAT (A) 2-1,5,90,0,1,0,2,10.2,25.3,13,4.9
LucasMoura,TOT,5,LIV (H) 1-2,2,90,0,0,0,2,8,15.1,4,2.7
LucasMoura,TOT,6,BHA (A) 1-2,3,77,0,0,1,0,2.8,15.9,24,4.3
LucasMoura,TOT,7,HUD (A) 0-2,3,90,0,0,1,0,13.4,6,47,6.6
LucasMoura,TOT,8,CAR (H) 1-0,3,90,0,0,1,0,10.6,36.2,64,11.1
LucasMoura,TOT,9,WHU (A) 0-1,3,90,0,0,1,0,22.2,44.9,8,7.5
LucasMoura,TOT,10,MCI (H) 0-1,1,80,0,0,0,1,2.8,6.3,0,0.9
LucasMoura,TOT,11,WOL (A) 2-3,9,78,1,0,0,2,53,50.9,39,14.3
LucasMoura,TOT,12,CRY (A) 0-1,3,70,0,0,1,0,6.2,4.6,7,1.8
LucasMoura,TOT,13,CHE (H) 3-1,0,0,0,0,0,0,0,0,0,0
LucasMoura,TOT,14,ARS (A) 4-2,1,11,0,0,0,0,0,0.1,4,0.3
LucasMoura,TOT,15,SOU (H) 3-1,8,73,1,0,1,0,32.8,4.2,41,7.8
LucasMoura,TOT,16,LEI (A) 0-2,3,66,0,0,1,0,3.6,4.4,6,1.4
LucasMoura,TOT,17,BUR (H) 1-0,3,64,0,0,1,0,0,4.3,16,1.9
LucasMoura,TOT,18,EVE (A) 2-6,1,7,0,0,0,0,8.4,10.5,0,1.9
LucasMoura,TOT,19,BOU (H) 5-0,11,90,1,1,1,0,49.4,6,26,8.1
LucasMoura,TOT,20,WOL (H) 1-3,1,22,0,0,0,3,1.6,0.8,4,0.6
LucasMoura,TOT,21,CAR (A) 0-3,0,0,0,0,0,0,0,0,0,0
LucasMoura,TOT,22,MUN (H) 0-1,0,0,0,0,0,0,0,0,0,0
LucasMoura,TOT,23,FUL (A) 1-2,0,0,0,0,0,0,0,0,0,0
LucasMoura,TOT,24,WAT (H) 2-1,1,45,0,0,0,0,6.6,1.7,4,1.2
LucasMoura,TOT,25,NEW (H) 1-0,1,59,0,0,0,0,0,24.6,16,4
LucasMoura,TOT,26,LEI (H) 3-1,0,0,0,0,0,0,0,0,0,0
LucasMoura,TOT,27,BUR (A) 2-1,1,2,0,0,0,0,0,0.3,2,0.2
LucasMoura,TOT,28,CHE (A) 2-0,1,10,0,0,0,1,1,0.4,0,0.1
LucasMoura,TOT,29,ARS (H) 1-1,0,0,0,0,0,0,0,0,0,0
LucasMoura,TOT,30,SOU (A) 2-1,3,71,0,0,1,0,3.2,12.3,14,3
LucasMoura,TOT,32.1,LIV (A) 2-1,6,81,1,0,0,1,37.2,15.2,29,8.1
LucasMoura,TOT,32.2,CRY (H) 2-0,1,8,0,0,0,0,4,0,17,2.1
LucasMoura,TOT,34,HUD (H) 4-0,21,90,3,0,1,0,114.2,4.9,68,18.7
LucasMoura,TOT,35.1,MCI (A) 1-0,2,90,0,0,0,1,6.6,15.6,22,4.4
LucasMoura,TOT,35.2,BHA (H) 1-0,3,79,0,0,1,0,6.2,28.4,31,6.6
Jota,WOL,1,EVE (H) 2-2,5,90,0,1,0,2,4.2,9.8,5,1.9
Jota,WOL,2,LEI (A) 2-0,1,45,0,0,0,2,2.8,11.3,8,2.2
Jota,WOL,3,MCI (H) 1-1,2,90,0,0,0,1,13,28,39,8
Jota,WOL,4,WHU (A) 0-1,3,61,0,0,1,0,0.4,4.4,6,1.1
Jota,WOL,5,BUR (H) 1-0,2,87,0,0,1,0,8.4,40.1,46,9.5
Jota,WOL,6,MUN (A) 1-1,2,86,0,0,0,1,6.6,6.3,17,3
Jota,WOL,7,SOU (H) 2-0,2,76,0,0,1,0,0.6,3.3,2,0.6
Jota,WOL,8,CRY (A) 0-1,3,86,0,0,1,0,7.8,24.8,4,3.7
Jota,WOL,9,WAT (H) 0-2,1,90,0,0,0,2,5.4,11.8,16,3.3
Jota,WOL,10,BHA (A) 1-0,1,29,0,0,0,0,6.8,1.8,33,4.2
Jota,WOL,11,TOT (H) 2-3,0,0,0,0,0,0,0,0,0,0
Jota,WOL,12,ARS (A) 1-1,1,29,0,0,0,1,0,0.5,28,2.8
Jota,WOL,13,HUD (H) 0-2,1,15,0,0,0,0,3.6,1.8,17,2.2
Jota,WOL,14,CAR (A) 2-1,1,24,0,0,0,1,8.2,21.8,0,3
Jota,WOL,15,CHE (H) 2-1,8,87,1,0,0,1,37.2,2.2,35,7.4
Jota,WOL,16,NEW (A) 1-2,11,90,1,1,0,1,40.4,13.3,60,11.4
Jota,WOL,17,BOU (H) 2-0,4,45,0,1,0,0,16.2,10,6,3.2
Jota,WOL,18,LIV (H) 0-2,0,0,0,0,0,0,0,0,0,0
Jota,WOL,19,FUL (A) 1-1,0,0,0,0,0,0,0,0,0,0
Jota,WOL,20,TOT (A) 1-3,0,0,0,0,0,0,0,0,0,0
Jota,WOL,21,CRY (H) 0-2,0,0,0,0,0,0,0,0,0,0
Jota,WOL,22,MCI (A) 3-0,1,58,0,0,0,2,0.4,1,0,0.1
Jota,WOL,23,LEI (H) 4-3,19,90,3,0,0,3,108.8,12.3,80,20.1
Jota,WOL,24,WHU (H) 3-0,6,88,0,1,1,0,35.2,38.3,32,10.6
Jota,WOL,25,EVE (A) 1-3,5,76,0,1,0,1,1.6,13.1,39,5.4
Jota,WOL,26,NEW (H) 1-1,1,68,0,0,0,1,4.6,17.2,22,4.4
Jota,WOL,27,BOU (A) 1-1,1,65,0,0,0,1,1.8,4.2,14,2
Jota,WOL,28,HUD (A) 1-0,3,65,0,0,1,0,6.2,13.8,26,4.6
Jota,WOL,29,CAR (H) 2-0,11,46,1,1,0,0,56.4,12,41,10.9
Jota,WOL,30,CHE (A) 1-1,6,81,0,1,1,0,22.4,14.8,0,3.7
Jota,WOL,32.1,BUR (A) 2-0,2,90,0,0,0,2,9.6,17.4,24,5.1
Jota,WOL,32.2,MUN (H) 2-1,8,72,1,0,0,1,39.4,2.3,17,5.9
Jota,WOL,34,SOU (A) 3-1,2,86,0,0,0,3,1,2.6,26,3
Jota,WOL,35.1,BHA (H) 0-0,3,90,0,0,1,0,0,7.1,63,6.9
Jota,WOL,35.2,ARS (H) 3-1,8,77,1,0,1,0,43.6,1.8,23,6.8
Deulofeu,WAT,1,BHA (H) 2-0,0,0,0,0,0,0,0,0,0,0
Deulofeu,WAT,2,BUR (A) 1-3,0,0,0,0,0,0,0,0,0,0
Deulofeu,WAT,3,CRY (H) 2-1,0,0,0,0,0,0,0,0,0,0
Deulofeu,WAT,4,TOT (H) 2-1,0,0,0,0,0,0,0,0,0,0
Deulofeu,WAT,5,MUN (H) 1-2,0,0,0,0,0,0,0,0,0,0
Deulofeu,WAT,6,FUL (A) 1-1,0,0,0,0,0,0,0,0,0,0
Deulofeu,WAT,7,ARS (A) 2-0,0,0,0,0,0,0,0,0,0,0
Deulofeu,WAT,8,BOU (H) 0-4,1,16,0,0,0,0,0,0.7,0,0
Deulofeu,WAT,9,WOL (A) 0-2,3,68,0,0,1,0,4.6,9,8,2.2
Deulofeu,WAT,10,HUD (H) 3-0,8,64,1,0,1,0,31.8,16.5,45,9.3
Deulofeu,WAT,11,NEW (A) 1-0,2,65,0,0,0,1,0,26,36,6.1
Deulofeu,WAT,12,SOU (A) 1-1,4,90,0,1,0,1,26.4,30.3,42,9.9
Deulofeu,WAT,13,LIV (H) 0-3,1,56,0,0,0,0,1.6,14,8,2.4
Deulofeu,WAT,14,LEI (A) 2-0,1,54,0,0,0,2,2.8,27.6,7,3.7
Deulofeu,WAT,15,MCI (H) 1-2,1,27,0,0,0,0,4.8,0.9,8,1.4
Deulofeu,WAT,16,EVE (A) 2-2,1,30,0,0,0,1,8.6,10.8,6,2.5
Deulofeu,WAT,17,CAR (H) 3-2,13,86,1,1,0,2,55.2,30.6,41,12.7
Deulofeu,WAT,18,WHU (A) 0-2,9,90,1,0,1,0,46.8,41.8,25,11.4
Deulofeu,WAT,19,CHE (H) 1-2,2,81,0,0,0,2,5.4,23.8,4,3.3
Deulofeu,WAT,20,NEW (H) 1-1,5,90,0,1,0,1,25.4,19.3,37,8.2
Deulofeu,WAT,21,BOU (A) 3-3,2,89,0,0,0,3,0,6.9,5,1.1
Deulofeu,WAT,22,CRY (A) 1-2,2,90,0,0,0,1,9.4,23.3,26,5.9
Deulofeu,WAT,23,BUR (H) 0-0,2,90,0,0,1,0,3.6,2.5,40,4.6
Deulofeu,WAT,24,TOT (A) 2-1,3,60,0,0,1,0,0,12.7,9,2.1
Deulofeu,WAT,25,BHA (A) 0-0,3,69,0,0,1,0,0,2.5,0,0.1
Deulofeu,WAT,26,EVE (H) 1-0,3,80,0,0,1,0,2.8,2.5,32,3.7
Deulofeu,WAT,27,CAR (A) 1-5,23,85,3,1,0,1,116.6,14.7,57,18.8
Deulofeu,WAT,28,LIV (A) 5-0,2,72,0,0,0,3,3.2,3.3,4,1.1
Deulofeu,WAT,29,LEI (H) 2-1,6,68,0,1,1,0,17.4,14.9,37,6.9
Deulofeu,WAT,30,MCI (A) 3-1,6,24,1,0,0,0,35.2,0.3,29,6.5
Deulofeu,WAT,32.1,MUN (A) 2-1,2,73,0,0,0,2,13.4,29.8,38,8.1
Deulofeu,WAT,32.2,FUL (H) 4-1,1,45,0,0,0,1,2,2.9,22,2.7
Deulofeu,WAT,34,ARS (H) 0-1,0,0,0,0,0,0,0,0,0,0
Deulofeu,WAT,35.1,HUD (A) 1-2,16,82,2,0,1,0,74.4,17.7,70,16.2
Deulofeu,WAT,35.2,SOU (H) 1-1,1,90,0,0,0,1,6.2,36.9,37,8
Martial,MUN,1,LEI (H) 2-1,0,0,0,0,0,0,0,0,0,0
Martial,MUN,2,BHA (A) 3-2,0,59,0,0,0,3,0,3,22,2.4
Martial,MUN,3,TOT (H) 0-3,0,0,0,0,0,0,0,0,0,0
Martial,MUN,4,BUR (A) 0-2,0,0,0,0,0,0,0,0,0,0
Martial,MUN,5,WAT (A) 1-2,1,19,0,0,0,0,0.2,1.8,6,0.8
Martial,MUN,6,WOL (H) 1-1,1,27,0,0,0,0,7.4,33.3,4,4.5
Martial,MUN,7,WHU (A) 3-1,2,70,0,0,0,2,3.8,4.9,6,1.5
Martial,MUN,8,NEW (H) 3-2,13,90,1,1,0,2,41.8,43.2,33,11.8
Martial,MUN,9,CHE (A) 2-2,15,83,2,0,0,1,69,8.2,44,12.1
Martial,MUN,10,EVE (H) 2-1,9,90,1,0,0,1,52.8,48.5,39,14
Martial,MUN,11,BOU (A) 1-2,10,90,1,0,0,1,46.6,23.8,76,14.6
Martial,MUN,12,MCI (A) 3-1,7,90,1,0,0,3,39,3.7,49,9.2
Martial,MUN,13,CRY (H) 0-0,3,90,0,0,1,0,11,48,37,9.6
Martial,MUN,14,SOU (A) 2-2,1,13,0,0,0,0,2.2,0.4,0,0.3
Martial,MUN,15,ARS (H) 2-2,7,62,1,0,0,1,36.8,2.1,42,8.1
Martial,MUN,16,FUL (H) 4-1,0,0,0,0,0,0,0,0,0,0
Martial,MUN,17,LIV (A) 3-1,1,11,0,0,0,1,0.4,0.5,0,0.1
Martial,MUN,18,CAR (A) 1-5,7,86,1,0,0,1,48,61.8,29,13.9
Martial,MUN,19,HUD (H) 3-1,0,0,0,0,0,0,0,0,0,0
Martial,MUN,20,BOU (H) 4-1,5,81,0,1,0,1,22.2,36.2,10,6.8
Martial,MUN,21,NEW (A) 0-2,3,62,0,0,1,0,0,22.2,12,3.3
Martial,MUN,22,TOT (A) 0-1,3,72,0,0,1,0,7.2,21.8,24,5.3
Martial,MUN,23,BHA (H) 2-1,2,82,0,0,0,1,10.6,29.1,24,6.4
Martial,MUN,24,BUR (H) 2-2,0,0,0,0,0,0,0,0,0,0
Martial,MUN,25,LEI (A) 0-1,0,23,0,0,0,0,4.2,1.1,25,3
Martial,MUN,26,FUL (A) 0-3,12,69,1,1,1,0,57.4,27.7,88,17.3
Martial,MUN,27,LIV (H) 0-0,0,0,0,0,0,0,0,0,0,0
Martial,MUN,28,CRY (A) 1-3,0,0,0,0,0,0,0,0,0,0
Martial,MUN,29,SOU (H) 3-2,0,0,0,0,0,0,0,0,0,0
Martial,MUN,30,ARS (A) 2-0,1,19,0,0,0,0,2.4,0.9,10,1.3
Martial,MUN,32.1,WAT (H) 2-1,9,76,1,0,1,0,44.2,15.3,99,15.9
Martial,MUN,32.2,WOL (A) 2-1,1,17,0,0,0,1,4,21.3,4,2.9
Martial,MUN,34,WHU (H) 2-1,5,90,0,1,0,1,5.6,12.6,18,3.6
Martial,MUN,35.1,EVE (A) 4-0,2,90,0,0,0,4,3.6,3.7,15,2.2
Martial,MUN,35.2,MCI (H) 0-2,1,7,0,0,0,0,1.2,0.4,0,0.2
Redmond,SOU,1,BUR (H) 0-0,3,90,0,0,1,0,10,13.4,38,6.1
Redmond,SOU,2,EVE (A) 2-1,2,90,0,0,0,2,0,2.9,5,0.7
Redmond,SOU,3,LEI (H) 1-2,2,90,0,0,0,2,10.2,22.4,18,5.1
Redmond,SOU,4,CRY (A) 0-2,3,90,0,0,1,0,17,23.3,37,7.7
Redmond,SOU,5,BHA (H) 2-2,2,90,0,0,0,2,14.8,40.6,22,7.7
Redmond,SOU,6,LIV (A) 3-0,2,90,0,0,0,3,6.6,8.5,6,2.1
Redmond,SOU,7,WOL (A) 2-0,2,90,0,0,0,2,17.8,44.4,32,9.4
Redmond,SOU,8,CHE (H) 0-3,2,90,0,0,0,3,17.8,20,27,6.5
Redmond,SOU,9,BOU (A) 0-0,3,90,0,0,1,0,9.8,28.7,5,4.4
Redmond,SOU,10,NEW (H) 0-0,3,90,0,0,1,0,14,32.5,31,7.8
Redmond,SOU,11,MCI (A) 6-1,2,72,0,0,0,5,10,7.3,6,2.3
Redmond,SOU,12,WAT (H) 1-1,2,89,0,0,0,1,11.8,14.3,4,3
Redmond,SOU,13,FUL (A) 3-2,2,90,0,0,0,3,21.2,41.7,22,8.5
Redmond,SOU,14,MUN (H) 2-2,2,90,0,0,0,2,16.4,46.4,32,9.5
Redmond,SOU,15,TOT (A) 3-1,2,90,0,0,0,3,9.2,9.8,28,4.7
Redmond,SOU,16,CAR (A) 1-0,2,90,0,0,0,1,3,8.2,10,2.1
Redmond,SOU,17,ARS (H) 3-2,5,62,0,1,0,2,25.2,38.3,20,8.4
Redmond,SOU,18,HUD (A) 1-3,13,90,1,1,0,1,50.8,17.8,30,9.9
Redmond,SOU,19,WHU (H) 1-2,7,90,1,0,0,2,50.6,19.3,67,13.7
Redmond,SOU,20,MCI (H) 1-3,1,45,0,0,0,0,4.6,10.5,0,1.5
Redmond,SOU,21,CHE (A) 0-0,3,90,0,0,1,0,5,2.7,0,0.8
Redmond,SOU,22,LEI (A) 1-2,2,90,0,0,0,1,11.6,12.2,2,2.6
Redmond,SOU,23,EVE (H) 2-1,2,85,0,0,1,0,0,4,12,1.1
Redmond,SOU,24,CRY (H) 1-1,2,90,0,0,0,1,3.6,13.6,5,2.2
Redmond,SOU,25,BUR (A) 1-1,11,86,1,0,1,0,46,34.5,11,9.2
Redmond,SOU,26,CAR (H) 1-2,1,90,0,0,0,2,11.8,4.7,32,4.9
Redmond,SOU,27,ARS (A) 2-0,2,90,0,0,0,2,8.4,26.7,23,5.8
Redmond,SOU,28,FUL (H) 2-0,6,90,0,1,1,0,6.6,26.2,33,6.6
Redmond,SOU,29,MUN (A) 3-2,2,90,0,0,0,3,14.6,33.1,9,5.7
Redmond,SOU,30,TOT (H) 2-1,1,90,0,0,0,1,6.4,4.8,24,3.5
Redmond,SOU,32,BHA (A) 0-1,6,88,0,1,1,0,24.6,14.7,29,6.8
Redmond,SOU,33,LIV (H) 1-3,2,90,0,0,0,3,5.8,4.3,12,2.2
Redmond,SOU,34,WOL (H) 3-1,15,90,2,0,0,1,81.4,4.6,75,16.1
Redmond,SOU,35.1,NEW (A) 3-1,2,90,0,0,0,3,11.8,38,25,7.5
Redmond,SOU,35.2,WAT (A) 1-1,2,90,0,0,0,1,23.8,31.6,78,13.3
